INSERT INTO regions (region_id, region_name)
VALUES
(1, 'Kanto'),
(2, 'Johto'),
(3, 'Hoenn'),
(4, 'Sinnoh'),
(5, 'Unova'),
(6, 'Kalos'),
(7, 'Alola'),
(8, 'Galar'),
(9, 'Hisui'),
(10, 'Paldea')
;

INSERT INTO versions (version_id, version_name)
VALUES
(1, 'Red'),
(2, 'Blue'),
(3, 'Yellow'),
(4, 'Gold'),
(5, 'Silver'),
(6, 'Crystal'),
(7, 'Ruby'),
(8, 'Sapphire'),
(9, 'Emerald'),
(10, 'Fire Red'),
(11, 'Leaf Green'),
(12, 'Diamond'),
(13, 'Pearl'),
(14, 'Platinum'),
(15, 'Heart Gold'),
(16, 'Soul Silver'),
(17, 'Black'),
(18, 'White'),
(19, 'Black 2'),
(20, 'White 2'),
(21, 'X'),
(22, 'Y'),
(23, 'Omega Ruby'),
(24, 'Alpha Sapphire'),
(25, 'Sun'),
(26, 'Moon'),
(27, 'Ultra Sun'),
(28, 'Ultra Moon'),
(29, 'Let''s Go, Pikachu'),
(30, 'Let''s Go, Eevee'),
(31, 'Sword'),
(32, 'Shield'),
(33, 'Brilliant Diamond'),
(34, 'Shining Pearl'),
(35, 'Legends: Arceus'),
(36, 'Scarlet'),
(37, 'Violet')
;

INSERT INTO versions_regions (version_id, region_id)
VALUES
(1, 1),
(2, 1),
(3, 1),
(4, 1),
(4, 2),
(5, 1),
(5, 2),
(6, 1),
(6, 2),
(7, 3),
(8, 3),
(9, 3),
(10, 1),
(11, 1),
(12, 4),
(13, 4),
(14, 4),
(15, 1),
(15, 2),
(16, 1),
(16, 2),
(17, 5),
(18, 5),
(19, 5),
(20, 5),
(21, 6),
(22, 6),
(23, 3),
(24, 3),
(25, 7),
(26, 7),
(27, 7),
(28, 7),
(29, 1),
(30, 1),
(31, 8),
(32, 8),
(33, 4),
(34, 4),
(35, 9),
(36, 10),
(37, 10)
;

--Kanto
INSERT INTO locations (location_id, location_name, region_id)
VALUES
(1, 'Route 1', 1),
(2, 'Route 2', 1),
(3, 'Route 3', 1),
(4, 'Route 4', 1),
(5, 'Route 5', 1),
(6, 'Route 6', 1),
(7, 'Route 7', 1),
(8, 'Route 8', 1),
(9, 'Route 9', 1),
(10, 'Route 10', 1),
(11, 'Route 11', 1),
(12, 'Route 12', 1),
(13, 'Route 13', 1),
(14, 'Route 14', 1),
(15, 'Route 15', 1),
(16, 'Route 16', 1),
(17, 'Route 17', 1),
(18, 'Route 18', 1),
(19, 'Route 19', 1),
(20, 'Route 20', 1),
(21, 'Route 21', 1),
(22, 'Route 22', 1),
(23, 'Route 23', 1),
(24, 'Route 24', 1),
(25, 'Route 25', 1),
(26, 'Route 26', 1),
(27, 'Route 27', 1),
(28, 'Route 28', 1),
(29, 'Celadon City', 1),
(30, 'Cerulean Cave', 1),
(31, 'Cerulean City', 1),
(32, 'Cinnabar Island', 1),
(33, 'Diglett''s Cave', 1),
(34, 'Fuchsia City', 1),
(35, 'Indigo Plateau', 1),
(36, 'Lavender Town', 1),
(37, 'Mt. Moon', 1),
(38, 'Pallet Town', 1),
(39, 'Pewter City', 1),
(40, 'Pokemon Mansion', 1),
(41, 'Pokemon Tower', 1),
(42, 'Power Plant', 1),
(43, 'Rock Tunnel', 1),
(44, 'Safari Zone', 1),
(45, 'Saffron City', 1),
(46, 'Seafoam Islands', 1),
(47, 'Silph Co.', 1),
(48, 'S.S. Anne', 1),
(49, 'Vermilion City', 1),
(50, 'Victory Road', 1),
(51, 'Viridian City', 1),
(52, 'Viridian Forest', 1)
;

--Johto
INSERT INTO locations (location_id, location_name, region_id)
VALUES
(53, 'Route 29', 2),
(54, 'Route 30', 2),
(55, 'Route 31', 2),
(56, 'Route 32', 2),
(57, 'Route 33', 2),
(58, 'Route 34', 2),
(59, 'Route 35', 2),
(60, 'Route 36', 2),
(61, 'Route 37', 2),
(62, 'Route 38', 2),
(63, 'Route 39', 2),
(64, 'Route 40', 2),
(65, 'Route 41', 2),
(66, 'Route 42', 2),
(67, 'Route 43', 2),
(68, 'Route 44', 2),
(69, 'Route 45', 2),
(70, 'Route 46', 2),
(71, 'Route 47', 2),
(72, 'Route 48', 2),
(73, 'Azalea Town', 2),
(74, 'Bell Tower', 2),
(75, 'Blackthorn City', 2),
(76, 'Burned Tower', 2),
(77, 'Cherrygrove City', 2),
(78, 'Cianwood City', 2),
(79, 'Cliff Cave', 2),
(80, 'Cliff Edge Gate', 2),
(81, 'Dark Cave', 2),
(82, 'Dragon''s Den', 2),
(83, 'Ecruteak City', 2),
(84, 'Goldenrod City', 2),
(85, 'Ice Path', 2),
(86, 'Ilex Forest', 2),
(87, 'Lake of Rage', 2),
(88, 'Mahogany Town', 2),
(89, 'Mt. Mortar', 2),
(90, 'Mt. Silver', 2),
(91, 'National Park', 2),
(92, 'New Bark Town', 2),
(93, 'Olivine City', 2),
(94, 'Ruins of Alph', 2),
(95, 'Safari Zone', 2),
(96, 'Safari Zone Gate', 2),
(97, 'Slowpoke Well', 2),
(98, 'Sprout Tower', 2),
(99, 'Tin Tower', 2),
(100, 'Union Cave', 2),
(101, 'Violet City', 2),
(102, 'Whirl Islands', 2)
;

--Hoenn
INSERT INTO locations (location_id, location_name, region_id)
VALUES
(103, 'Route 101', 3),
(104, 'Route 102', 3),
(105, 'Route 103', 3),
(106, 'Route 104', 3),
(107, 'Route 105', 3),
(108, 'Route 106', 3),
(109, 'Route 107', 3),
(110, 'Route 108', 3),
(111, 'Route 109', 3),
(112, 'Route 110', 3),
(113, 'Route 111', 3),
(114, 'Route 112', 3),
(115, 'Route 113', 3),
(116, 'Route 114', 3),
(117, 'Route 115', 3),
(118, 'Route 116', 3),
(119, 'Route 117', 3),
(120, 'Route 118', 3),
(121, 'Route 119', 3),
(122, 'Route 120', 3),
(123, 'Route 121', 3),
(124, 'Route 123', 3),
(125, 'Route 124', 3),
(126, 'Route 125', 3),
(127, 'Route 126', 3),
(128, 'Route 127', 3),
(129, 'Route 128', 3),
(130, 'Route 129', 3),
(131, 'Route 130', 3),
(132, 'Route 131', 3),
(133, 'Route 132', 3),
(134, 'Route 133', 3),
(135, 'Route 134', 3),
(136, 'Abandoned Ship', 3),
(137, 'Altering Cave', 3),
(138, 'Aqua Hideout', 3),
(139, 'Cave of Origin', 3),
--TODO: emerald exclusive
(140, 'Desert Underpass', 3),
(141, 'Dewford Town', 3),
(142, 'Evergrande City', 3),
(143, 'Fallarbor Town', 3),
(144, 'Fiery Path', 3),
(145, 'Fortree City', 3),
(146, 'Granite Cave', 3),
(147, 'Jagged Pass', 3),
(148, 'Lavaridge Town', 3),
(149, 'Lilycove City', 3),
(150, 'Littleroot Town', 3),
(151, 'Magma Hideout', 3),
--TODO: emerald exclusive
(152, 'Marine Cave', 3),
(153, 'Mauville City', 3),
(154, 'Meteor Falls', 3),
--TODO: All mirage locations are ORAS exclusive
(155, 'Mirage Cave', 3),
(156, 'Mirage Forest', 3),
(157, 'Mirage Island', 3),
(158, 'Mirage Mountain', 3),
(159, 'Mirage Tower', 3),
(160, 'Mossdeep City', 3),
(161, 'Mt. Chimney', 3),
(162, 'Mt. Pyre', 3),
(163, 'New Mauville', 3),
(164, 'Oldale Town', 3),
(165, 'Pacifidlog Town', 3),
(166, 'Petalburg City', 3),
(167, 'Petalburd Woods', 3),
(168, 'Rustboro City', 3),
(169, 'Rusturf Tunnel', 3),
(170, 'Safari Zone', 3),
(171, 'Scorched Slab', 3),
(172, 'Sea Mauville', 3),
(173, 'Seafloor Cavern', 3),
--TODO: ORAS exclusive
(174, 'Sealed Chamber', 3),
--TODO: Secret locations are ORAS exclusive
(175, 'Secret Islet', 3),
(176, 'Secret Meadow', 3),
(177, 'Secret Shore', 3),
(178, 'Shoal Cave', 3),
(179, 'Sky Pillar', 3),
(180, 'Slateport City', 3),
(181, 'Soaring in the Sky', 3),
(182, 'Sootopolis City', 3),
(183, 'Southern Island', 3),
--TODO: emerald exclusive
(184, 'Terra Cave', 3),
(185, 'Verdanturf Town', 3),
(186, 'Victory Road', 3)
;

--Sinnoh
INSERT INTO locations (location_id, location_name, region_id)
VALUES
(187, 'Route 201', 4),
(188, 'Route 202', 4),
(189, 'Route 203', 4),
(190, 'Route 204', 4),
(191, 'Route 205', 4),
(192, 'Route 206', 4),
(193, 'Route 207', 4),
(194, 'Route 208', 4),
(195, 'Route 209', 4),
(196, 'Route 210', 4),
(197, 'Route 211', 4),
(198, 'Route 212', 4),
(199, 'Route 213', 4),
(200, 'Route 214', 4),
(201, 'Route 215', 4),
(202, 'Route 216', 4),
(203, 'Route 217', 4),
(204, 'Route 218', 4),
(205, 'Route 219', 4),
(206, 'Route 220', 4),
(207, 'Route 221', 4),
(208, 'Route 222', 4),
(209, 'Route 223', 4),
(210, 'Route 224', 4),
(211, 'Route 225', 4),
(212, 'Route 226', 4),
(213, 'Route 227', 4),
(214, 'Route 228', 4),
(215, 'Route 229', 4),
(216, 'Route 230', 4),
(217, 'Acuity Lakefront', 4),
(218, 'Canalave City', 4),
(219, 'Celestic Town', 4),
--TODO: plat exclusive
(220, 'Distortion World', 4),
(221, 'Eterna City', 4),
(222, 'Eterna Forest', 4),
(223, 'Floaroma Meadow', 4),
(224, 'Floaroma Town', 4),
(225, 'Flower Paradise', 4),
(226, 'Fuego Ironworks', 4),
(227, 'Grand Underground', 4),
(228, 'Great Marsh', 4),
(229, 'Hearthome City', 4),
(230, 'Hotel Grand Lake', 4),
(231, 'Iron Island', 4),
(232, 'Jubilife City', 4),
(233, 'Lake Acuity', 4),
(234, 'Lake Valor', 4),
(235, 'Lake Verity', 4),
(236, 'Lost Tower', 4),
(237, 'Mt. Coronet', 4),
(238, 'Old Chateau', 4),
(239, 'Oreburgh City', 4),
(240, 'Oreburgh Gate', 4),
(241, 'Oreburgh Mine', 4),
(242, 'Pastoria City', 4),
(243, 'Ravaged Path', 4),
(244, 'Ruins Maniac''s Cave', 4),
(245, 'Sandgem Town', 4),
(246, 'Snowpoint City', 4),
(247, 'Solaceon Ruins', 4),
(248, 'Solaceon Town', 4),
(249, 'Spear Pillar', 4),
(250, 'Sunyshore City', 4),
(251, 'Trophy Garden', 4),
(252, 'Twinleaf Town', 4),
(253, 'Valley Windworks', 4),
(254, 'Valor Lakefront', 4),
(255, 'Veilstone City', 4),
(256, 'Verity Lakefront', 4),
(257, 'Victory Road', 4),
(258, 'Wayward Cave', 4)
;
/*
--Unova
INSERT INTO locations (location_id, location_name, region_id)
VALUES
(259, '', 5),
(260, '', 5),
(261, '', 5)
;
*/
INSERT INTO encounter_methods (method_id, method_name)
VALUES
(1, 'Grass'),
(2, 'Tall Grass'),
(3, 'Shaking Grass'),
(4, 'Old Rod'),
(5, 'Good Rod'),
(6, 'Super Rod'),
(7, 'Surfing'),
(8, 'Headbutt'),
(9, 'Rock Smash'),
(10, 'Standard Honey Tree'),
(11, 'Rare Honey Tree'),
(12, 'Egg Hatching'),
(13, 'Static'),
(14, 'Gift'),
(15, 'Horde'),
(16, 'Swarm'),
(17, 'Doubles')
;

INSERT INTO pokemon (dex_number, pokemon_name)
VALUES
(1, 'Bulbasaur'),
(2, 'Ivysaur'),
(3, 'Venusaur'),
(4, 'Charmander'),
(5, 'Charmeleon'),
(6, 'Charizard'),
(7, 'Squirtle'),
(8, 'Wartortle'),
(9, 'Blastoise'),
(10, 'Caterpie'),
(11, 'Metapod'),
(12, 'Butterfree'),
(13, 'Weedle'),
(14, 'Kakuna'),
(15, 'Beedrill'),
(16, 'Pidgey'),
(17, 'Pidgeotto'),
(18, 'Pidgeot'),
(19, 'Rattata'),
(20, 'Raticate'),
(21, 'Spearow'),
(22, 'Fearow'),
(23, 'Ekans'),
(24, 'Arbok'),
(25, 'Pikachu'),
(26, 'Raichu'),
(27, 'Sandshrew'),
(28, 'Sandslash'),
(29, 'Nidoran-F'),
(30, 'Nidorina'),
(31, 'Nidoqueen'),
(32, 'Nidoran-M'),
(33, 'Nidorino'),
(34, 'Nidoking'),
(35, 'Clefairy'),
(36, 'Clefable'),
(37, 'Vulpix'),
(38, 'Ninetales'),
(39, 'Jigglypuff'),
(40, 'Wigglytuff'),
(41, 'Zubat'),
(42, 'Golbat'),
(43, 'Oddish'),
(44, 'Gloom'),
(45, 'Vileplume'),
(46, 'Paras'),
(47, 'Parasect'),
(48, 'Venonat'),
(49, 'Venomoth'),
(50, 'Diglett'),
(51, 'Dugtrio'),
(52, 'Meowth'),
(53, 'Persian'),
(54, 'Psyduck'),
(55, 'Golduck'),
(56, 'Mankey'),
(57, 'Primeape'),
(58, 'Growlithe'),
(59, 'Arcanine'),
(60, 'Poliwag'),
(61, 'Poliwhirl'),
(62, 'Poliwrath'),
(63, 'Abra'),
(64, 'Kadabra'),
(65, 'Alakazam'),
(66, 'Machop'),
(67, 'Machoke'),
(68, 'Machamp'),
(69, 'Bellsprout'),
(70, 'Weepinbell'),
(71, 'Victreebel'),
(72, 'Tentacool'),
(73, 'Tentacruel'),
(74, 'Geodude'),
(75, 'Graveler'),
(76, 'Golem'),
(77, 'Ponyta'),
(78, 'Rapidash'),
(79, 'Slowpoke'),
(80, 'Slowbro'),
(81, 'Magnemite'),
(82, 'Magneton'),
(83, 'Farfetchd'),
(84, 'Doduo'),
(85, 'Dodrio'),
(86, 'Seel'),
(87, 'Dewgong'),
(88, 'Grimer'),
(89, 'Muk'),
(90, 'Shellder'),
(91, 'Cloyster'),
(92, 'Gastly'),
(93, 'Haunter'),
(94, 'Gengar'),
(95, 'Onix'),
(96, 'Drowzee'),
(97, 'Hypno'),
(98, 'Krabby'),
(99, 'Kingler'),
(100, 'Voltorb'),
(101, 'Electrode'),
(102, 'Exeggcute'),
(103, 'Exeggutor'),
(104, 'Cubone'),
(105, 'Marowak'),
(106, 'Hitmonlee'),
(107, 'Hitmonchan'),
(108, 'Lickitung'),
(109, 'Koffing'),
(110, 'Weezing'),
(111, 'Rhyhorn'),
(112, 'Rhydon'),
(113, 'Chansey'),
(114, 'Tangela'),
(115, 'Kangaskhan'),
(116, 'Horsea'),
(117, 'Seadra'),
(118, 'Goldeen'),
(119, 'Seaking'),
(120, 'Staryu'),
(121, 'Starmie'),
(122, 'Mr. Mime'),
(123, 'Scyther'),
(124, 'Jynx'),
(125, 'Electabuzz'),
(126, 'Magmar'),
(127, 'Pinsir'),
(128, 'Tauros'),
(129, 'Magikarp'),
(130, 'Gyarados'),
(131, 'Lapras'),
(132, 'Ditto'),
(133, 'Eevee'),
(134, 'Vaporeon'),
(135, 'Jolteon'),
(136, 'Flareon'),
(137, 'Porygon'),
(138, 'Omanyte'),
(139, 'Omastar'),
(140, 'Kabuto'),
(141, 'Kabutops'),
(142, 'Aerodactyl'),
(143, 'Snorlax'),
(144, 'Articuno'),
(145, 'Zapdos'),
(146, 'Moltres'),
(147, 'Dratini'),
(148, 'Dragonair'),
(149, 'Dragonite'),
(150, 'Mewtwo'),
(151, 'Mew'),
(152, 'Chikorita'),
(153, 'Bayleef'),
(154, 'Meganium'),
(155, 'Cyndaquil'),
(156, 'Quilava'),
(157, 'Typhlosion'),
(158, 'Totodile'),
(159, 'Croconaw'),
(160, 'Feraligatr'),
(161, 'Sentret'),
(162, 'Furret'),
(163, 'Hoothoot'),
(164, 'Noctowl'),
(165, 'Ledyba'),
(166, 'Ledian'),
(167, 'Spinarak'),
(168, 'Ariados'),
(169, 'Crobat'),
(170, 'Chinchou'),
(171, 'Lanturn'),
(172, 'Pichu'),
(173, 'Cleffa'),
(174, 'Igglybuff'),
(175, 'Togepi'),
(176, 'Togetic'),
(177, 'Natu'),
(178, 'Xatu'),
(179, 'Mareep'),
(180, 'Flaaffy'),
(181, 'Ampharos'),
(182, 'Bellossom'),
(183, 'Marill'),
(184, 'Azumarill'),
(185, 'Sudowoodo'),
(186, 'Politoed'),
(187, 'Hoppip'),
(188, 'Skiploom'),
(189, 'Jumpluff'),
(190, 'Aipom'),
(191, 'Sunkern'),
(192, 'Sunflora'),
(193, 'Yanma'),
(194, 'Wooper'),
(195, 'Quagsire'),
(196, 'Espeon'),
(197, 'Umbreon'),
(198, 'Murkrow'),
(199, 'Slowking'),
(200, 'Misdreavus'),
(201, 'Unown'),
(202, 'Wobbuffet'),
(203, 'Girafarig'),
(204, 'Pineco'),
(205, 'Forretress'),
(206, 'Dunsparce'),
(207, 'Gligar'),
(208, 'Steelix'),
(209, 'Snubbull'),
(210, 'Granbull'),
(211, 'Qwilfish'),
(212, 'Scizor'),
(213, 'Shuckle'),
(214, 'Heracross'),
(215, 'Sneasel'),
(216, 'Teddiursa'),
(217, 'Ursaring'),
(218, 'Slugma'),
(219, 'Magcargo'),
(220, 'Swinub'),
(221, 'Piloswine'),
(222, 'Corsola'),
(223, 'Remoraid'),
(224, 'Octillery'),
(225, 'Delibird'),
(226, 'Mantine'),
(227, 'Skarmory'),
(228, 'Houndour'),
(229, 'Houndoom'),
(230, 'Kingdra'),
(231, 'Phanpy'),
(232, 'Donphan'),
(233, 'Porygon2'),
(234, 'Stantler'),
(235, 'Smeargle'),
(236, 'Tyrogue'),
(237, 'Hitmontop'),
(238, 'Smoochum'),
(239, 'Elekid'),
(240, 'Magby'),
(241, 'Miltank'),
(242, 'Blissey'),
(243, 'Raikou'),
(244, 'Entei'),
(245, 'Suicune'),
(246, 'Larvitar'),
(247, 'Pupitar'),
(248, 'Tyranitar'),
(249, 'Lugia'),
(250, 'Ho-oh'),
(251, 'Celebi'),
(252, 'Treecko'),
(253, 'Grovyle'),
(254, 'Sceptile'),
(255, 'Torchic'),
(256, 'Combusken'),
(257, 'Blaziken'),
(258, 'Mudkip'),
(259, 'Marshtomp'),
(260, 'Swampert'),
(261, 'Poochyena'),
(262, 'Mightyena'),
(263, 'Zigzagoon'),
(264, 'Linoone'),
(265, 'Wurmple'),
(266, 'Silcoon'),
(267, 'Beautifly'),
(268, 'Cascoon'),
(269, 'Dustox'),
(270, 'Lotad'),
(271, 'Lombre'),
(272, 'Ludicolo'),
(273, 'Seedot'),
(274, 'Nuzleaf'),
(275, 'Shiftry'),
(276, 'Taillow'),
(277, 'Swellow'),
(278, 'Wingull'),
(279, 'Pelipper'),
(280, 'Ralts'),
(281, 'Kirlia'),
(282, 'Gardevoir'),
(283, 'Surskit'),
(284, 'Masquerain'),
(285, 'Shroomish'),
(286, 'Breloom'),
(287, 'Slakoth'),
(288, 'Vigoroth'),
(289, 'Slaking'),
(290, 'Nincada'),
(291, 'Ninjask'),
(292, 'Shedinja'),
(293, 'Whismur'),
(294, 'Loudred'),
(295, 'Exploud'),
(296, 'Makuhita'),
(297, 'Hariyama'),
(298, 'Azurill'),
(299, 'Nosepass'),
(300, 'Skitty'),
(301, 'Delcatty'),
(302, 'Sableye'),
(303, 'Mawile'),
(304, 'Aron'),
(305, 'Lairon'),
(306, 'Aggron'),
(307, 'Meditite'),
(308, 'Medicham'),
(309, 'Electrike'),
(310, 'Manectric'),
(311, 'Plusle'),
(312, 'Minun'),
(313, 'Volbeat'),
(314, 'Illumise'),
(315, 'Roselia'),
(316, 'Gulpin'),
(317, 'Swalot'),
(318, 'Carvanha'),
(319, 'Sharpedo'),
(320, 'Wailmer'),
(321, 'Wailord'),
(322, 'Numel'),
(323, 'Camerupt'),
(324, 'Torkoal'),
(325, 'Spoink'),
(326, 'Grumpig'),
(327, 'Spinda'),
(328, 'Trapinch'),
(329, 'Vibrava'),
(330, 'Flygon'),
(331, 'Cacnea'),
(332, 'Cacturne'),
(333, 'Swablu'),
(334, 'Altaria'),
(335, 'Zangoose'),
(336, 'Seviper'),
(337, 'Lunatone'),
(338, 'Solrock'),
(339, 'Barboach'),
(340, 'Whiscash'),
(341, 'Corphish'),
(342, 'Crawdaunt'),
(343, 'Baltoy'),
(344, 'Claydol'),
(345, 'Lileep'),
(346, 'Cradily'),
(347, 'Anorith'),
(348, 'Armaldo'),
(349, 'Feebas'),
(350, 'Milotic'),
(351, 'Castform'),
(352, 'Kecleon'),
(353, 'Shuppet'),
(354, 'Banette'),
(355, 'Duskull'),
(356, 'Dusclops'),
(357, 'Tropius'),
(358, 'Chimecho'),
(359, 'Absol'),
(360, 'Wynaut'),
(361, 'Snorunt'),
(362, 'Glalie'),
(363, 'Spheal'),
(364, 'Sealeo'),
(365, 'Walrein'),
(366, 'Clamperl'),
(367, 'Huntail'),
(368, 'Gorebyss'),
(369, 'Relicanth'),
(370, 'Luvdisc'),
(371, 'Bagon'),
(372, 'Shelgon'),
(373, 'Salamence'),
(374, 'Beldum'),
(375, 'Metang'),
(376, 'Metagross'),
(377, 'Regirock'),
(378, 'Regice'),
(379, 'Registeel'),
(380, 'Latias'),
(381, 'Latios'),
(382, 'Kyogre'),
(383, 'Groudon'),
(384, 'Rayquaza'),
(385, 'Jirachi'),
(386, 'Deoxys'),
(387, 'Turtwig'),
(388, 'Grotle'),
(389, 'Torterra'),
(390, 'Chimchar'),
(391, 'Monferno'),
(392, 'Infernape'),
(393, 'Piplup'),
(394, 'Prinplup'),
(395, 'Empoleon'),
(396, 'Starly'),
(397, 'Staravia'),
(398, 'Staraptor'),
(399, 'Bidoof'),
(400, 'Bibarel'),
(401, 'Kricketot'),
(402, 'Kricketune'),
(403, 'Shinx'),
(404, 'Luxio'),
(405, 'Luxray'),
(406, 'Budew'),
(407, 'Roserade'),
(408, 'Cranidos'),
(409, 'Rampardos'),
(410, 'Shieldon'),
(411, 'Bastiodon'),
(412, 'Burmy'),
(413, 'Wormadam'),
(414, 'Mothim'),
(415, 'Combee'),
(416, 'Vespiquen'),
(417, 'Pachirisu'),
(418, 'Buizel'),
(419, 'Floatzel'),
(420, 'Cherubi'),
(421, 'Cherrim'),
(422, 'Shellos'),
(423, 'Gastrodon'),
(424, 'Ambipom'),
(425, 'Drifloon'),
(426, 'Drifblim'),
(427, 'Buneary'),
(428, 'Lopunny'),
(429, 'Mismagius'),
(430, 'Honchkrow'),
(431, 'Glameow'),
(432, 'Purugly'),
(433, 'Chingling'),
(434, 'Stunky'),
(435, 'Skuntank'),
(436, 'Bronzor'),
(437, 'Bronzong'),
(438, 'Bonsly'),
(439, 'Mime Jr.'),
(440, 'Happiny'),
(441, 'Chatot'),
(442, 'Spiritomb'),
(443, 'Gible'),
(444, 'Gabite'),
(445, 'Garchomp'),
(446, 'Munchlax'),
(447, 'Riolu'),
(448, 'Lucario'),
(449, 'Hippopotas'),
(450, 'Hippowdon'),
(451, 'Skorupi'),
(452, 'Drapion'),
(453, 'Croagunk'),
(454, 'Toxicroak'),
(455, 'Carnivine'),
(456, 'Finneon'),
(457, 'Lumineon'),
(458, 'Mantyke'),
(459, 'Snover'),
(460, 'Abomasnow'),
(461, 'Weavile'),
(462, 'Magnezone'),
(463, 'Lickilicky'),
(464, 'Rhyperior'),
(465, 'Tangrowth'),
(466, 'Electivire'),
(467, 'Magmortar'),
(468, 'Togekiss'),
(469, 'Yanmega'),
(470, 'Leafeon'),
(471, 'Glaceon'),
(472, 'Gliscor'),
(473, 'Mamoswine'),
(474, 'Porygon-Z'),
(475, 'Gallade'),
(476, 'Probopass'),
(477, 'Dusknoir'),
(478, 'Froslass'),
(479, 'Rotom'),
(480, 'Uxie'),
(481, 'Mesprit'),
(482, 'Azelf'),
(483, 'Dialga'),
(484, 'Palkia'),
(485, 'Heatran'),
(486, 'Regigigas'),
(487, 'Giratina'),
(488, 'Cresselia'),
(489, 'Phione'),
(490, 'Manaphy'),
(491, 'Darkrai'),
(492, 'Shaymin'),
(493, 'Arceus'),
(494, 'Victini'),
(495, 'Snivy'),
(496, 'Servine'),
(497, 'Serperior'),
(498, 'Tepig'),
(499, 'Pignite'),
(500, 'Emboar'),
(501, 'Oshawott'),
(502, 'Dewott'),
(503, 'Samurott'),
(504, 'Patrat'),
(505, 'Watchog'),
(506, 'Lillipup'),
(507, 'Herdier'),
(508, 'Stoutland'),
(509, 'Purrloin'),
(510, 'Liepard'),
(511, 'Pansage'),
(512, 'Simisage'),
(513, 'Pansear'),
(514, 'Simisear'),
(515, 'Panpour'),
(516, 'Simipour'),
(517, 'Munna'),
(518, 'Musharna'),
(519, 'Pidove'),
(520, 'Tranquill'),
(521, 'Unfezant'),
(522, 'Blitzle'),
(523, 'Zebstrika'),
(524, 'Roggenrola'),
(525, 'Boldore'),
(526, 'Gigalith'),
(527, 'Woobat'),
(528, 'Swoobat'),
(529, 'Drilbur'),
(530, 'Excadrill'),
(531, 'Audino'),
(532, 'Timburr'),
(533, 'Gurdurr'),
(534, 'Conkeldurr'),
(535, 'Tympole'),
(536, 'Palpitoad'),
(537, 'Seismitoad'),
(538, 'Throh'),
(539, 'Sawk'),
(540, 'Sewaddle'),
(541, 'Swadloon'),
(542, 'Leavanny'),
(543, 'Venipede'),
(544, 'Whirlipede'),
(545, 'Scolipede'),
(546, 'Cottonee'),
(547, 'Whimsicott'),
(548, 'Petilil'),
(549, 'Lilligant'),
(550, 'Basculin'),
(551, 'Sandile'),
(552, 'Krokorok'),
(553, 'Krookodile'),
(554, 'Darumaka'),
(555, 'Darmanitan'),
(556, 'Maractus'),
(557, 'Dwebble'),
(558, 'Crustle'),
(559, 'Scraggy'),
(560, 'Scrafty'),
(561, 'Sigilyph'),
(562, 'Yamask'),
(563, 'Cofagrigus'),
(564, 'Tirtouga'),
(565, 'Carracosta'),
(566, 'Archen'),
(567, 'Archeops'),
(568, 'Trubbish'),
(569, 'Garbodor'),
(570, 'Zorua'),
(571, 'Zoroark'),
(572, 'Minccino'),
(573, 'Cinccino'),
(574, 'Gothita'),
(575, 'Gothorita'),
(576, 'Gothitelle'),
(577, 'Solosis'),
(578, 'Duosion'),
(579, 'Reuniclus'),
(580, 'Ducklett'),
(581, 'Swanna'),
(582, 'Vanillite'),
(583, 'Vanillish'),
(584, 'Vanilluxe'),
(585, 'Deerling'),
(586, 'Sawsbuck'),
(587, 'Emolga'),
(588, 'Karrablast'),
(589, 'Escavalier'),
(590, 'Foongus'),
(591, 'Amoonguss'),
(592, 'Frillish'),
(593, 'Jellicent'),
(594, 'Alomomola'),
(595, 'Joltik'),
(596, 'Galvantula'),
(597, 'Ferroseed'),
(598, 'Ferrothorn'),
(599, 'Klink'),
(600, 'Klang'),
(601, 'Klinklang'),
(602, 'Tynamo'),
(603, 'Eelektrik'),
(604, 'Eelektross'),
(605, 'Elgyem'),
(606, 'Beheeyem'),
(607, 'Litwick'),
(608, 'Lampent'),
(609, 'Chandelure'),
(610, 'Axew'),
(611, 'Fraxure'),
(612, 'Haxorus'),
(613, 'Cubchoo'),
(614, 'Beartic'),
(615, 'Cryogonal'),
(616, 'Shelmet'),
(617, 'Accelgor'),
(618, 'Stunfisk'),
(619, 'Mienfoo'),
(620, 'Mienshao'),
(621, 'Druddigon'),
(622, 'Golett'),
(623, 'Golurk'),
(624, 'Pawniard'),
(625, 'Bisharp'),
(626, 'Bouffalant'),
(627, 'Rufflet'),
(628, 'Braviary'),
(629, 'Vullaby'),
(630, 'Mandibuzz'),
(631, 'Heatmor'),
(632, 'Durant'),
(633, 'Deino'),
(634, 'Zweilous'),
(635, 'Hydreigon'),
(636, 'Larvesta'),
(637, 'Volcarona'),
(638, 'Cobalion'),
(639, 'Terrakion'),
(640, 'Virizion'),
(641, 'Tornadus'),
(642, 'Thundurus'),
(643, 'Reshiram'),
(644, 'Zekrom'),
(645, 'Landorus'),
(646, 'Kyurem'),
(647, 'Keldeo'),
(648, 'Meloetta'),
(649, 'Genesect'),
(650, 'Chespin'),
(651, 'Quilladin'),
(652, 'Chesnaught'),
(653, 'Fennekin'),
(654, 'Braixen'),
(655, 'Delphox'),
(656, 'Froakie'),
(657, 'Frogadier'),
(658, 'Greninja'),
(659, 'Bunnelby'),
(660, 'Diggersby'),
(661, 'Fletchling'),
(662, 'Fletchinder'),
(663, 'Talonflame'),
(664, 'Scatterbug'),
(665, 'Spewpa'),
(666, 'Vivillon'),
(667, 'Litleo'),
(668, 'Pyroar'),
(669, 'Flabebe'),
(670, 'Floette'),
(671, 'Florges'),
(672, 'Skiddo'),
(673, 'Gogoat'),
(674, 'Pancham'),
(675, 'Pangoro'),
(676, 'Furfrou'),
(677, 'Espurr'),
(678, 'Meowstic'),
(679, 'Honedge'),
(680, 'Doublade'),
(681, 'Aegislash'),
(682, 'Spritzee'),
(683, 'Aromatisse'),
(684, 'Swirlix'),
(685, 'Slurpuff'),
(686, 'Inkay'),
(687, 'Malamar'),
(688, 'Binacle'),
(689, 'Barbaracle'),
(690, 'Skrelp'),
(691, 'Dragalge'),
(692, 'Clauncher'),
(693, 'Clawitzer'),
(694, 'Helioptile'),
(695, 'Heliolisk'),
(696, 'Tyrunt'),
(697, 'Tyrantrum'),
(698, 'Amaura'),
(699, 'Aurorus'),
(700, 'Sylveon'),
(701, 'Hawlucha'),
(702, 'Dedenne'),
(703, 'Carbink'),
(704, 'Goomy'),
(705, 'Sliggoo'),
(706, 'Goodra'),
(707, 'Klefki'),
(708, 'Phantump'),
(709, 'Trevenant'),
(710, 'Pumpkaboo'),
(711, 'Gourgeist'),
(712, 'Bergmite'),
(713, 'Avalugg'),
(714, 'Noibat'),
(715, 'Noivern'),
(716, 'Xerneas'),
(717, 'Yveltal'),
(718, 'Zygarde'),
(719, 'Diancie'),
(720, 'Hoopa'),
(721, 'Volcanion'),
(722, 'Rowlet'),
(723, 'Dartrix'),
(724, 'Decidueye'),
(725, 'Litten'),
(726, 'Torracat'),
(727, 'Incineroar'),
(728, 'Popplio'),
(729, 'Brionne'),
(730, 'Primarina'),
(731, 'Pikipek'),
(732, 'Trumbeak'),
(733, 'Toucannon'),
(734, 'Yungoos'),
(735, 'Gumshoos'),
(736, 'Grubbin'),
(737, 'Charjabug'),
(738, 'Vikavolt'),
(739, 'Crabrawler'),
(740, 'Crabominable'),
(741, 'Oricorio'),
(742, 'Cutiefly'),
(743, 'Ribombee'),
(744, 'Rockruff'),
(745, 'Lycanroc'),
(746, 'Wishiwashi'),
(747, 'Mareanie'),
(748, 'Toxapex'),
(749, 'Mudbray'),
(750, 'Mudsdale'),
(751, 'Dewpider'),
(752, 'Araquanid'),
(753, 'Fomantis'),
(754, 'Lurantis'),
(755, 'Morelull'),
(756, 'Shiinotic'),
(757, 'Salandit'),
(758, 'Salazzle'),
(759, 'Stufful'),
(760, 'Bewear'),
(761, 'Bounsweet'),
(762, 'Steenee'),
(763, 'Tsareena'),
(764, 'Comfey'),
(765, 'Oranguru'),
(766, 'Passimian'),
(767, 'Wimpod'),
(768, 'Golisopod'),
(769, 'Sandygast'),
(770, 'Palossand'),
(771, 'Pyukumuku'),
(772, 'Type Null'),
(773, 'Silvally'),
(774, 'Minior'),
(775, 'Komala'),
(776, 'Turtonator'),
(777, 'Togedemaru'),
(778, 'Mimikyu'),
(779, 'Bruxish'),
(780, 'Drampa'),
(781, 'Dhelmise'),
(782, 'Jangmo-o'),
(783, 'Hakamo-o'),
(784, 'Kommo-o'),
(785, 'Tapu Koko'),
(786, 'Tapu Lele'),
(787, 'Tapu Bulu'),
(788, 'Tapu Fini'),
(789, 'Cosmog'),
(790, 'Cosmoem'),
(791, 'Solgaleo'),
(792, 'Lunala'),
(793, 'Nihilego'),
(794, 'Buzzwole'),
(795, 'Pheromosa'),
(796, 'Xurkitree'),
(797, 'Celesteela'),
(798, 'Kartana'),
(799, 'Guzzlord'),
(800, 'Necrozma'),
(801, 'Magearna'),
(802, 'Marshadow'),
(803, 'Poipole'),
(804, 'Naganadel'),
(805, 'Stakataka'),
(806, 'Blacephalon'),
(807, 'Zeraora'),
(808, 'Meltan'),
(809, 'Melmetal'),
(810, 'Grookey'),
(811, 'Thwackey'),
(812, 'Rillaboom'),
(813, 'Scorbunny'),
(814, 'Raboot'),
(815, 'Cinderace'),
(816, 'Sobble'),
(817, 'Drizzile'),
(818, 'Inteleon'),
(819, 'Skwovet'),
(820, 'Greedent'),
(821, 'Rookidee'),
(822, 'Corvisquire'),
(823, 'Corviknight'),
(824, 'Blipbug'),
(825, 'Dottler'),
(826, 'Orbeetle'),
(827, 'Nickit'),
(828, 'Thievul'),
(829, 'Gossifleur'),
(830, 'Eldegoss'),
(831, 'Wooloo'),
(832, 'Dubwool'),
(833, 'Chewtle'),
(834, 'Drednaw'),
(835, 'Yamper'),
(836, 'Boltund'),
(837, 'Rolycoly'),
(838, 'Carkol'),
(839, 'Coalossal'),
(840, 'Applin'),
(841, 'Flapple'),
(842, 'Appletun'),
(843, 'Silicobra'),
(844, 'Sandaconda'),
(845, 'Cramorant'),
(846, 'Arrokuda'),
(847, 'Barraskewda'),
(848, 'Toxel'),
(849, 'Toxtricity'),
(850, 'Sizzlipede'),
(851, 'Centiskorch'),
(852, 'Clobbopus'),
(853, 'Grapploct'),
(854, 'Sinistea'),
(855, 'Polteageist'),
(856, 'Hatenna'),
(857, 'Hattrem'),
(858, 'Hatterene'),
(859, 'Impidimp'),
(860, 'Morgrem'),
(861, 'Grimmsnarl'),
(862, 'Obstagoon'),
(863, 'Perrserker'),
(864, 'Cursola'),
(865, 'Sirfetchd'),
(866, 'Mr. Rime'),
(867, 'Runerigus'),
(868, 'Milcery'),
(869, 'Alcremie'),
(870, 'Falinks'),
(871, 'Pincurchin'),
(872, 'Snom'),
(873, 'Frosmoth'),
(874, 'Stonjourner'),
(875, 'Eiscue'),
(876, 'Indeedee'),
(877, 'Morpeko'),
(878, 'Cufant'),
(879, 'Copperajah'),
(880, 'Dracozolt'),
(881, 'Arctozolt'),
(882, 'Dracovish'),
(883, 'Arctovish'),
(884, 'Duraludon'),
(885, 'Dreepy'),
(886, 'Drakloak'),
(887, 'Dragapult'),
(888, 'Zacian'),
(889, 'Zamazenta'),
(890, 'Eternatus'),
(891, 'Kubfu'),
(892, 'Urshifu'),
(893, 'Zarude'),
(894, 'Regieleki'),
(895, 'Regidrago'),
(896, 'Glastrier'),
(897, 'Spectrier'),
(898, 'Calyrex'),
(899, 'Wyrdeer'),
(900, 'Kleavor'),
(901, 'Ursaluna'),
(902, 'Basculegion'),
(903, 'Sneasler'),
(904, 'Overqwil'),
(905, 'Enamorus'),
(906, 'Sprigatito'),
(907, 'Floragato'),
(908, 'Meowscarada'),
(909, 'Fuecoco'),
(910, 'Crocalor'),
(911, 'Skeledirge'),
(912, 'Quaxly'),
(913, 'Quaxwell'),
(914, 'Quaquaval'),
(915, 'Lechonk'),
(916, 'Oinkologne'),
(917, 'Tarountula'),
(918, 'Spidops'),
(919, 'Nymble'),
(920, 'Lokix'),
(921, 'Pawmi'),
(922, 'Pawmo'),
(923, 'Pawmot'),
(924, 'Tandemaus'),
(925, 'Maushold'),
(926, 'Fidough'),
(927, 'Dachsbun'),
(928, 'Smoliv'),
(929, 'Dolliv'),
(930, 'Arboliva'),
(931, 'Squawkabilly'),
(932, 'Nacli'),
(933, 'Naclstack'),
(934, 'Garganacl'),
(935, 'Charcadet'),
(936, 'Armarouge'),
(937, 'Ceruledge'),
(938, 'Tadbulb'),
(939, 'Bellibolt'),
(940, 'Wattrel'),
(941, 'Kilowattrel'),
(942, 'Maschiff'),
(943, 'Mabosstiff'),
(944, 'Shroodle'),
(945, 'Grafaiai'),
(946, 'Bramblin'),
(947, 'Brambleghast'),
(948, 'Toedscool'),
(949, 'Toedscruel'),
(950, 'Klawf'),
(951, 'Capsakid'),
(952, 'Scovillain'),
(953, 'Rellor'),
(954, 'Rabsca'),
(955, 'Flittle'),
(956, 'Espathra'),
(957, 'Tinkatink'),
(958, 'Tinkatuff'),
(959, 'Tinkaton'),
(960, 'Wiglett'),
(961, 'Wugtrio'),
(962, 'Bombirdier'),
(963, 'Finizen'),
(964, 'Palafin'),
(965, 'Varoom'),
(966, 'Revavroom'),
(967, 'Cyclizar'),
(968, 'Orthworm'),
(969, 'Glimmet'),
(970, 'Glimmora'),
(971, 'Greavard'),
(972, 'Houndstone'),
(973, 'Flamigo'),
(974, 'Cetoddle'),
(975, 'Cetitan'),
(976, 'Veluza'),
(977, 'Dondozo'),
(978, 'Tatsugiri'),
(979, 'Annihilape'),
(980, 'Clodsire'),
(981, 'Farigiraf'),
(982, 'Dudunsparce'),
(983, 'Kingambit'),
(984, 'Great Tusk'),
(985, 'Scream Tail'),
(986, 'Brute Bonnet'),
(987, 'Flutter Mane'),
(988, 'Slither Wing'),
(989, 'Sandy Shocks'),
(990, 'Iron Treads'),
(991, 'Iron Bundle'),
(992, 'Iron Hands'),
(993, 'Iron Jugulis'),
(994, 'Iron Moth'),
(995, 'Iron Thorns'),
(996, 'Frigibax'),
(997, 'Arctibax'),
(998, 'Baxcalibur'),
(999, 'Gimmighoul'),
(1000, 'Gholdengo'),
(1001, 'Wo-Chien'),
(1002, 'Chien-Pao'),
(1003, 'Ting-Lu'),
(1004, 'Chi-Yu'),
(1005, 'Roaring Moon'),
(1006, 'Iron Valiant'),
(1007, 'Koraidon'),
(1008, 'Miraidon'),
(1009, 'Walking Wake'),
(1010, 'Iron Leaves'),
(1011, 'Dipplin'),
(1012, 'Poltchageist'),
(1013, 'Sinistcha'),
(1014, 'Okidogi'),
(1015, 'Munkidori'),
(1016, 'Fezandipiti'),
(1017, 'Ogerpon'),
(1018, 'Archaludon'),
(1019, 'Hydrapple'),
(1020, 'Gouging Fire'),
(1021, 'Raging Bolt'),
(1022, 'Iron Boulder'),
(1023, 'Iron Crown'),
(1024, 'Terapagos'),
(1025, 'Pecharunt')
;

INSERT INTO time_of_day (time_of_day_id, time_of_day_name)
VALUES
(1, 'Morning'),
(2, 'Day'),
(3, 'Evening')
;

INSERT INTO pokemon_encounters (location_id, pokemon_id, method_id)
VALUES
--Route 201
(187, 396, 1),
(187, 399, 1),
--Route 219
(205, 72, 7),
(205, 278, 7),
(205, 73, 7),
(205, 279, 7),
(205, 129, 4),
(205, 129, 5),
(205, 456, 5),
(205, 130, 6),
(205, 457, 6),
(205, 366, 6)
;
